<?xml version="1.0" encoding="UTF-8"?>
<Users>
    <User>
        <UserId>101</UserId>
        <Name>Ravi Teja</Name>
        <Email>ravi@example.com</Email>
        <Phone>9876543210</Phone>
    </User>
    <User>
        <UserId>102</UserId>
        <Name>Priya Sharma</Name>
        <Email>priya@example.com</Email>
        <Phone>9123456789</Phone>
    </User>
    <User>
        <UserId>103</UserId>
        <Name>Arjun Reddy</Name>
        <Email>arjun@example.com</Email>
        <Phone>9988776655</Phone>
    </User>
    <User>
        <UserId>104</UserId>
        <Name>Anjali Mehta</Name>
        <Email>anjali@example.com</Email>
        <Phone>7766554433</Phone>
    </User>
    <User>
        <UserId>105</UserId>
        <Name>Rahul Verma</Name>
        <Email>rahul@example.com</Email>
        <Phone>8899776655</Phone>
    </User>
    <User>
        <UserId>106</UserId>
        <Name>Kavya Iyer</Name>
        <Email>kavya@example.com</Email>
        <Phone>9001122334</Phone>
    </User>
    <User>
        <UserId>107</UserId>
        <Name>Vikram Singh</Name>
        <Email>vikram@example.com</Email>
        <Phone>9988001122</Phone>
    </User>
    <User>
        <UserId>108</UserId>
        <Name>Sneha Nair</Name>
        <Email>sneha@example.com</Email>
        <Phone>9887766554</Phone>
    </User>
    <User>
        <UserId>109</UserId>
        <Name>Manoj Kumar</Name>
        <Email>manoj@example.com</Email>
        <Phone>9554433221</Phone>
    </User>
    <User>
        <UserId>110</UserId>
        <Name>Deepa Joshi</Name>
        <Email>deepa@example.com</Email>
        <Phone>9665544332</Phone>
    </User>
</Users>
